csf	constant	linearTrend	wm	global	motion-pitch	motion-roll	motion-yaw	motion-x	motion-y	motion-z	gm	compcor1	compcor2	compcor3	compcor4	compcor5
10178.602411684782	1.0	0.0	9448.68037477316	9998.11847004282	-0.2706	-0.2023	-0.2449	-0.0962	0.2098	-0.182	9342.350469737625	-0.037226295609740445	0.004834678712636681	0.003401203739472671	-0.01838700916798784	0.013889477878411376
10190.695991847826	1.0	1.0	9444.919160844873	9986.503418098897	-0.326	-0.2241	-0.2713	-0.1358	0.2031	-0.1755	9339.108382974333	-0.07760016282992899	0.03213238198457865	-0.04411884047843762	-0.03456761429904863	0.014955959438639765
10174.693741508152	1.0	2.0	9442.946246698659	9982.932175074324	-0.3182	-0.2084	-0.263	-0.1377	0.2079	-0.1804	9330.355972507463	-0.07113753102666347	0.04651215724974678	0.024541775621711635	0.02141325665803198	0.051327358615787744
10141.855808423914	1.0	3.0	9435.779850474206	9984.960275248864	-0.3246	-0.2003	-0.2598	-0.1456	0.2012	-0.1751	9330.868817144325	-0.08849492332962539	0.06258765849557613	0.0695147635604588	-0.05810840407847645	0.11850575422189355
10216.517960258152	1.0	4.0	9443.385248674062	9992.147347783042	-0.3222	-0.197	-0.2554	-0.1457	0.2026	-0.1688	9331.31095779693	-0.0776320672685797	0.03992989196402745	0.02610842101365439	0.0317551377323847	0.08939012853311668
10235.98140285326	1.0	5.0	9435.460394533951	9995.004023629135	-0.3179	-0.2	-0.2527	-0.1398	0.2028	-0.1591	9340.29252063124	-0.08889658307179792	0.05574849341498696	0.01918102192215121	0.013394128283684581	0.0860121805647284
10238.312245244566	1.0	6.0	9448.312197039459	9999.546409437702	-0.3043	-0.209	-0.2579	-0.1348	0.2052	-0.1643	9344.377433335485	-0.06890613819737668	0.016695963364960927	0.05399173938162116	0.0006041528081595637	0.02671287357756392
10193.463018002718	1.0	7.0	9452.350982571077	10006.821459389985	-0.3113	-0.2226	-0.26	-0.1369	0.2064	-0.1765	9353.169389741583	-0.10357497521315587	-0.01388504018348462	0.08105944169554352	0.09113685563727833	-0.019646933560693816
10207.14839504076	1.0	8.0	9456.274175576013	10015.591149531512	-0.3004	-0.2238	-0.2603	-0.1404	0.2001	-0.1736	9349.307073224063	-0.09263688074086475	-0.010206636218379396	-0.05137531827838382	0.059374035706511105	-0.051079065089484316
10252.222274116848	1.0	9.0	9454.514667509668	10018.110214198327	-0.2896	-0.2164	-0.2532	-0.1357	0.2117	-0.1738	9353.683142011136	-0.0785128707911791	-0.021196277336169016	-0.01961471843440038	0.06948163284116321	0.035483341273477194
10232.561650815218	1.0	10.0	9457.633525934098	10024.144614760717	-0.2729	-0.2163	-0.2514	-0.1277	0.2019	-0.1609	9359.236010271248	-0.10000571823484077	-0.019341892214798116	0.02269758804432992	0.11002209515459105	-0.04789228530803779
10242.172639266304	1.0	11.0	9460.194417289578	10025.670832230302	-0.2773	-0.2226	-0.2431	-0.1181	0.1992	-0.1759	9364.345281097072	-0.08581675822362463	-0.023944353103629426	-0.006779247544715067	0.03361218505459579	-0.020967731493851338
10200.592476222826	1.0	12.0	9457.968196400794	10030.484107333348	-0.2706	-0.2153	-0.2372	-0.1211	0.2047	-0.1852	9360.782744043741	-0.06862668779302253	-0.035277259409532156	0.0013762182628005298	0.0187928576605092	0.10116320014763286
10193.70363451087	1.0	13.0	9456.801729119858	10022.723844492652	-0.2585	-0.2235	-0.2441	-0.1173	0.1986	-0.1678	9361.726615220878	-0.06591960299374228	-0.02756015799468024	0.038739646949691106	-0.009719814625892845	0.014646787913613069
10211.021272078804	1.0	14.0	9443.356436029586	10013.18095139136	-0.2586	-0.2321	-0.246	-0.1065	0.1965	-0.1746	9348.999417863499	-0.057003477583540796	0.01079592076948702	0.08976797613437186	0.07742990804370764	-0.0008149479661930248
10199.964631453804	1.0	15.0	9443.660518283627	10007.085487512137	-0.2636	-0.2301	-0.2404	-0.1066	0.2054	-0.1825	9348.710931683918	-0.059212651132607035	0.020649956889576694	0.07720219215962948	-0.0197666972849437	0.014302993405848563
10140.820991847826	1.0	16.0	9443.585515211826	10002.821288930663	-0.2471	-0.2308	-0.2376	-0.0945	0.196	-0.1791	9346.471110926901	-0.07083945065953193	0.029913645001685408	-0.029266902823592907	-0.04057031200265226	-0.05487602171687497
10147.946161684782	1.0	17.0	9443.202281773894	9998.334143019756	-0.2422	-0.2335	-0.2201	-0.0769	0.2086	-0.1762	9341.949631887475	-0.058605132979601696	0.029108939433214718	-0.025252045128755358	0.012202355218551852	0.08261112198709177
10242.616423233696	1.0	18.0	9447.039150265728	10000.517822576623	-0.2376	-0.2351	-0.2168	-0.0651	0.1996	-0.1752	9346.56889685269	-0.07077693184946336	0.012455822787906468	0.04798382310035544	0.05219153478053514	-0.07439405947376151
10202.541737432066	1.0	19.0	9451.141486285593	10004.99304708817	-0.2243	-0.2344	-0.206	-0.0486	0.2076	-0.1819	9351.869176152019	-0.056463439448933304	-8.896896602816417e-05	-0.02275337469868862	0.038526692061935416	-0.05205826920943356
10202.975501019022	1.0	20.0	9454.320763312035	10011.048564312026	-0.1801	-0.2305	-0.2071	-0.0344	0.2016	-0.1769	9356.308318776533	-0.040582791970555754	-0.026621711073241055	-0.032514738639867584	-0.06538057052656224	0.04698351984570235
10084.242866847826	1.0	21.0	9455.93671618454	10005.646210870365	-0.1713	-0.2151	-0.1972	-0.0273	0.1889	-0.1768	9349.680596213288	-0.022573454604456943	-0.021020397430288388	-0.004112782070751139	-0.008870564973444583	-0.09803182254907472
10200.925484035326	1.0	22.0	9461.021089429225	10001.506792631797	-0.1836	-0.2042	-0.1874	-0.03	0.1877	-0.1816	9349.12017547877	-0.0320509110881879	-0.0558296307772852	0.0731519341459242	-0.005345863360612881	0.08460706317141722
10203.616295855978	1.0	23.0	9460.461052945688	10008.881541650893	-0.1934	-0.214	-0.2013	-0.0333	0.1818	-0.1742	9343.27586064484	-0.03422689140897454	-0.046507166294741054	0.04202309707421099	-0.06632754674687923	-0.006836716688488563
10219.34031080163	1.0	24.0	9466.450101977025	10013.821254949846	-0.2046	-0.2143	-0.2011	-0.0329	0.1798	-0.1819	9349.218656953566	-0.05258311720371821	-0.0778676695770309	0.05602453037896984	-0.019255873388409363	-0.03159827810002435
10164.464546535326	1.0	25.0	9462.741020553383	10006.033744753911	-0.191	-0.2065	-0.1986	-0.0373	0.1808	-0.1804	9342.515504590803	-0.059578598254746415	-0.06029183766402362	-0.08414855398426224	-0.055740790013437465	-0.012399448215308069
10200.235606317934	1.0	26.0	9459.607755047204	9995.666073125929	-0.184	-0.1985	-0.1959	-0.0384	0.1745	-0.161	9335.178672538315	-0.03750530163313025	-0.04539351687334744	0.01626827513645678	-0.08607832100047795	0.02268869965077834
10177.209621263586	1.0	27.0	9458.120867246911	9986.369495362795	-0.1684	-0.1924	-0.1868	-0.0371	0.1889	-0.1633	9327.584791416659	-0.03177365399102871	-0.04245209004728987	-0.0004096256622056271	0.026147867929363584	-0.09780571240306982
10187.458644701086	1.0	28.0	9439.224264050617	9983.853426527296	-0.1708	-0.1847	-0.1866	-0.041	0.1862	-0.1557	9329.4230801182	-0.02443949692784085	0.0274690996830971	-0.04626061393924294	-0.08389006021532686	0.07279628452770034
10163.27878736413	1.0	29.0	9448.037586685534	9985.299905595544	-0.1662	-0.1887	-0.1974	-0.0455	0.1769	-0.1578	9325.306977138047	-0.016818416278204254	0.003972837508410568	-0.0005760494858363848	-0.06332453501353641	0.03201838679335681
10129.583092730978	1.0	30.0	9448.659312011212	9994.269549943718	-0.1797	-0.1756	-0.1925	-0.0479	0.1903	-0.1648	9335.119017987212	-0.021539583654971786	-0.011148933056804797	-0.07681922056262232	-0.06633513053502234	0.07867247496225435
10169.803371263586	1.0	31.0	9448.843806710163	9995.855993370755	-0.1758	-0.1741	-0.1858	-0.0451	0.1763	-0.1563	9339.398366537282	-0.01192748787072812	0.0019793347741558446	-0.040110572905182065	-0.07078866821126324	0.04885423294353346
10238.547936480978	1.0	32.0	9464.38634692712	9992.626689690633	-0.1691	-0.1727	-0.1887	-0.0466	0.1837	-0.1687	9335.29753164105	-0.05323342453093577	-0.06510226590257198	-0.04320685508606986	0.021378662598696297	0.00013701975768611065
10194.990956182066	1.0	33.0	9469.226442328465	9989.423906751012	-0.1588	-0.16	-0.1942	-0.0506	0.1728	-0.1612	9323.947415573368	-0.02683975427218015	-0.09480975006886906	0.0038684117433867775	0.010325382723778037	0.02703467768268772
10199.376783288044	1.0	34.0	9456.99038526454	9989.709557746468	-0.1468	-0.1493	-0.1885	-0.0512	0.173	-0.1802	9322.725720774926	-0.028949795184091676	-0.04054003483148765	-0.058145883327136785	0.004570691226473826	0.04954339376662616
10182.8330078125	1.0	35.0	9460.89150518898	9994.369505367991	-0.153	-0.1549	-0.1805	-0.0465	0.1555	-0.1586	9316.675128329069	-0.02599495033270778	-0.0573128140091608	-0.07551142986994938	0.02496963455442808	0.05754841583680492
10188.208899456522	1.0	36.0	9439.673404149024	9997.743277422318	-0.1564	-0.1669	-0.1792	-0.0485	0.1536	-0.1664	9326.265948519811	-0.024054039378458972	0.017299184879353915	-0.034795910253310344	-0.06423125334433832	0.04564740805504242
10251.693783967392	1.0	37.0	9435.522112406294	10000.754511767986	-0.146	-0.1609	-0.1865	-0.0585	0.1469	-0.1478	9332.9680340197	-0.034808852508122955	0.042918082618280146	0.10833514388671155	-0.024281547157920143	0.08699108687798138
10204.264011548914	1.0	38.0	9439.687169528279	10008.133521358664	-0.1451	-0.1577	-0.184	-0.0591	0.1532	-0.159	9344.297327521588	-0.01398686102671937	0.02460054587900075	-0.011368646837579176	0.0017969233621990535	0.017131755565422655
10107.941024116848	1.0	39.0	9446.112168313062	10022.065027368617	-0.1558	-0.1465	-0.179	-0.0584	0.157	-0.1583	9348.520331873313	-0.021630237117996668	0.013799934202751187	0.02037943723210019	-0.05766900313536005	-0.05712961652789872
10175.345957880434	1.0	40.0	9455.24402990516	10027.165963695003	-0.1606	-0.1402	-0.1838	-0.0572	0.1532	-0.1504	9352.712271228615	-0.032297348481133095	-0.030170395140751257	3.584032667346463e-06	-0.012911697474498333	0.043007070360551895
10210.393979279892	1.0	41.0	9452.693428574901	10021.496032782452	-0.1452	-0.1422	-0.1864	-0.0597	0.1518	-0.1412	9356.663852075255	-0.024252164736931904	-0.03242335276331599	0.028756229499540466	0.006348013132202897	-0.07477494510693136
10213.065557065218	1.0	42.0	9456.195060342314	10017.386633883734	-0.1423	-0.1429	-0.176	-0.0601	0.1631	-0.1615	9359.640200634769	-0.041445516112276024	-0.0433367309900785	0.037560627722563494	-0.06074675258457276	-0.01718743966137215
10254.566618546196	1.0	43.0	9461.856553163077	10021.877644714794	-0.1349	-0.1353	-0.1781	-0.0512	0.1551	-0.1544	9358.694506760708	-0.015029238178678149	-0.07765902080256327	-0.044367126854099735	0.015202553318064816	-0.06648033664306219
10178.956479279892	1.0	44.0	9456.859309850825	10024.733702701413	-0.1149	-0.1246	-0.1673	-0.0476	0.1575	-0.1563	9359.421217180514	0.0004733138413987882	-0.0371288467432782	-0.08330734001496984	-0.027022783400985007	0.05324321491371005
10185.280528192934	1.0	45.0	9454.840286629364	10026.984249267003	-0.1191	-0.1179	-0.1608	-0.0455	0.1544	-0.1538	9359.866953691346	-0.019215388898290293	-0.03832667018240823	0.001192117806094264	-0.03003736067333315	0.018849790417096675
10208.071841032608	1.0	46.0	9446.309113593155	10023.201243698764	-0.1358	-0.1275	-0.1724	-0.0441	0.1373	-0.1264	9357.637971260025	-0.03418418261904433	-0.0037492935262764425	0.015643974803782577	0.06501163480936487	0.07325423521113593
10217.970490828804	1.0	47.0	9446.87194744048	10033.35332130499	-0.1322	-0.1306	-0.1768	-0.0518	0.1619	-0.1581	9377.18304243982	-0.009931725961642561	-0.006870427875023069	0.025358054238312864	0.004404142532539715	0.10820507643654104
10255.200874660326	1.0	48.0	9463.25575608149	10040.405009798618	-0.1226	-0.1193	-0.1678	-0.0537	0.1563	-0.1643	9383.144982299631	-0.03457124702806169	-0.05960907131385235	-0.034009663777303	0.020562782632932923	0.026254201028706254
10190.358186141304	1.0	49.0	9478.185428897608	10031.847502953067	-0.1212	-0.1174	-0.1677	-0.0464	0.1544	-0.1645	9372.441633433758	-0.025384761353243253	-0.12247769386434905	-0.10347265654504033	-0.016428161386717485	0.034150835794243814
10240.766983695652	1.0	50.0	9479.44198330966	10011.830484229953	-0.1226	-0.1201	-0.1641	-0.0471	0.1614	-0.1606	9351.243863079411	-0.061919860911929386	-0.13258264512483622	-0.07097475383840836	-0.05028279221757651	-0.06974226269749868
10129.795176630434	1.0	51.0	9476.7078010567	9992.19739299412	-0.1244	-0.1262	-0.165	-0.0474	0.1582	-0.1436	9329.001922216059	-0.03402555952991971	-0.10903109115723919	-0.03123991861157755	-0.03184631611041642	0.005145126990624049
10182.024286684782	1.0	52.0	9463.462399474485	9979.94208281214	-0.1165	-0.1215	-0.1552	-0.0463	0.159	-0.1318	9326.834879012284	-0.035180642101404876	-0.06338559926334086	0.004003857533112489	-0.017656788238682372	-0.0913141425309267
10141.393257472826	1.0	53.0	9447.714177911932	9974.285198853422	-0.1217	-0.1205	-0.1598	-0.0457	0.1587	-0.1432	9325.94742279618	-0.015362741192532397	-0.007066722137729608	-0.04149869162387141	-0.060402996625326756	0.04206420368016899
10207.466117527174	1.0	54.0	9437.354071418347	9969.871913111183	-0.1061	-0.1183	-0.1581	-0.0443	0.142	-0.1425	9315.23923934019	-0.013599617785331022	0.03224935791451587	0.02267667231329071	-0.18418584399968635	-0.02240911084222275
10126.692934782608	1.0	55.0	9447.275608520296	9968.540396540126	-0.0786	-0.1194	-0.1562	-0.034	0.1486	-0.1623	9305.356442098979	-0.02053298387538879	0.00930287715231251	-0.043338683766130946	-0.09976547466056417	-0.016187730516002495
10204.73581861413	1.0	56.0	9445.330819407838	9977.63321938583	-0.1158	-0.1359	-0.1644	-0.044	0.1768	-0.1561	9331.240190188	-0.03764134994843826	-0.0016851562876174634	0.01172308421356556	-0.12598328122585126	0.012971681031850788
10217.614852241848	1.0	57.0	9442.220320162623	9997.485071868317	-0.1336	-0.1485	-0.1873	-0.05	0.1245	-0.0777	9362.983411439433	-0.04903878673640466	0.006319046136311355	0.026302099396418647	0.04156228803399425	0.06347399657051449
10204.545473845108	1.0	58.0	9460.693590266375	10017.60749668283	-0.116	-0.1526	-0.1649	-0.03	0.1134	-0.0389	9377.545704195594	-0.011908398225612852	-0.05216422570016741	-0.01294455249345145	0.05629899923119218	0.0385086478384437
10175.922554347826	1.0	59.0	9457.672519402977	10007.290087653488	-0.1373	-0.1384	-0.1281	-0.016	0.1153	-0.0455	9358.446495460561	-0.024453269573224502	-0.042684627880027345	-0.10674726707804162	-0.04388565113800303	-0.03809805761864484
10198.331266983696	1.0	60.0	9461.411472567133	9995.691780989735	-0.1697	-0.1249	-0.1339	-0.0128	0.1153	-0.0301	9348.95682647392	-0.03635026971382636	-0.059291810977825626	-0.010605519537328252	0.031027957271035616	0.01126604526647024
10196.260444972826	1.0	61.0	9444.957812533756	9970.291085814331	-0.1576	-0.1216	-0.1386	-0.0165	0.1097	-0.0359	9322.961908352956	-0.044567923697971884	0.007110896758727526	-0.02575365144314446	0.016584671210638266	0.019658382973867874
10259.362644361414	1.0	62.0	9429.468927556818	9955.160639685419	-0.1572	-0.1155	-0.1331	-0.0198	0.1159	-0.0571	9304.011050881196	-0.006768214915250019	0.0629952894895258	0.040940736924009756	0.08706785695276562	0.017441655688658148
10162.979322350544	1.0	63.0	9418.55049871187	9960.075842297663	-0.1599	-0.1089	-0.1373	-0.0186	0.1015	-0.0352	9314.494928985621	-0.028256417751755927	0.10372093856650438	0.038950535844799246	-0.060458995946023435	-0.05586042144297271
10215.842603600544	1.0	64.0	9417.750166586102	9961.755100074568	-0.1572	-0.1009	-0.1341	-0.0203	0.11	-0.0417	9320.466670204003	-0.030729974427838272	0.10687815818832869	0.06137734304094746	0.029808518089932075	0.02113173432144011
10233.453507133152	1.0	65.0	9436.786474254937	9979.670039561754	-0.1587	-0.1004	-0.1401	-0.0221	0.1156	-0.04	9341.757512446718	-0.05683885216958164	0.043745150290637	0.07913541214640206	0.003608514633814046	-0.04600165646500189
10178.9716796875	1.0	66.0	9446.450606461178	9987.88981251121	-0.1591	-0.0929	-0.1354	-0.0255	0.1174	-0.0542	9341.734451537459	-0.03046202926179766	-0.005416359999732592	0.09108573144781615	0.05351728507847581	0.0007739986591000067
10229.874575407608	1.0	67.0	9462.194893587432	9992.168751695619	-0.1454	-0.0756	-0.1301	-0.0273	0.1101	-0.0523	9345.379560564617	-0.031333274564865274	-0.056337931104353284	-0.0656985888211622	0.08366187596285217	0.056234180060117885
10200.500636888586	1.0	68.0	9457.348884126286	9992.21688560255	-0.1334	-0.0716	-0.1233	-0.0271	0.127	-0.0754	9338.061224053883	-0.03249395100986766	-0.052124586303385775	-0.03190128922889463	-0.0036861545119843677	0.04799915978355299
10241.72163722826	1.0	69.0	9452.76620982355	9991.424844502075	-0.1254	-0.0778	-0.1312	-0.0284	0.1251	-0.0667	9339.35523631981	-0.01878153443798477	-0.03556911280994349	0.0904127309760436	0.0504948278147724	-0.051438050328117046
10271.526664402174	1.0	70.0	9437.580431550834	9988.77300722674	-0.1372	-0.0583	-0.1191	-0.0331	0.1078	-0.0499	9338.070624050642	-0.008117801649256209	0.02445716223979608	-0.005139261946222651	0.05088966547255316	0.014762895970424123
10239.372877038044	1.0	71.0	9441.331805084472	9999.030563942262	-0.1471	-0.0465	-0.109	-0.0347	0.1007	-0.0468	9353.085945362038	-0.02863434317034722	0.019192359490288934	0.07645088242788525	0.025796802150169808	0.018346372928482582
10217.57668138587	1.0	72.0	9434.119236492179	10001.390967455043	-0.1464	-0.056	-0.0827	-0.0301	0.1122	-0.0623	9356.885028487972	-0.019573154495824304	0.033007036982007874	0.06388274422514255	0.03367264212315457	-0.017688125264888107
10239.178795855978	1.0	73.0	9432.983137672021	9998.537228121515	-0.1352	-0.0562	-0.0741	-0.0281	0.1228	-0.0873	9351.11125966048	0.0054332739631122616	0.05284843561528162	0.0378029127599331	-0.05530616133110789	-0.007746552874504808
10177.832455842392	1.0	74.0	9448.137740039265	10001.405772623137	-0.1329	-0.0521	-0.0737	-0.0257	0.131	-0.0956	9357.384565634413	-0.009423905774579543	-0.017802693253391486	-0.010690657051037146	-0.05745337869719716	0.0024608522795699786
10246.670049252718	1.0	75.0	9450.505314214808	10003.59224680455	-0.1322	-0.0611	-0.0752	-0.0231	0.1161	-0.0963	9350.932242101331	-0.009127079685979742	-0.037595989703891025	0.05631692945737262	0.09600827985494544	-0.019588146795149496
10183.15187669837	1.0	76.0	9450.113858647219	10001.819711980386	-0.1381	-0.0652	-0.0734	-0.019	0.1227	-0.1011	9349.79543645581	-0.021666799071702277	-0.030536925316865485	0.05959620506129737	0.053852188876540266	-0.0035212778813559797
10232.483568274456	1.0	77.0	9450.669956812511	10001.169967419386	-0.1382	-0.0604	-0.0727	-0.0174	0.1271	-0.0994	9345.982953984501	0.0036283426127406127	-0.030744553412266867	0.03973853913537413	0.0003124491689644337	-0.061934151601219296
10123.051418138586	1.0	78.0	9451.183494675995	9999.32394979372	-0.1309	-0.0565	-0.0568	-0.0174	0.1297	-0.1106	9342.638667159083	-0.0008971068489631617	-0.026183507091193443	0.037750979619007544	-0.08474155087684558	-0.13750024231953573
10263.18159816576	1.0	79.0	9459.52451701845	9993.887091422608	-0.1402	-0.0546	-0.059	-0.0216	0.1224	-0.0951	9344.167843166122	-0.047403889925561285	-0.058786078459865776	-0.0125706994160157	0.018763424919023306	0.0170979241605151
10193.570737092392	1.0	80.0	9451.142462341752	9989.23763594913	-0.1439	-0.0555	-0.0579	-0.0269	0.1237	-0.1009	9344.798484750065	-0.0004495600992480214	-0.027121350313547486	0.05299289392774369	0.009189026158811226	-0.05546865991887341
10191.07808254076	1.0	81.0	9443.439028136341	9987.824211401814	-0.151	-0.0529	-0.0498	-0.0267	0.1249	-0.1004	9341.20419561778	-0.01794086554803472	-7.778663757323191e-05	0.024513006834479094	-0.0874419714431468	0.07624739145980357
10177.186608355978	1.0	82.0	9447.222595995452	9984.046004709424	-0.1437	-0.0419	-0.0421	-0.025	0.1248	-0.0931	9343.51060376041	-0.011570374192561975	-0.000738359759535978	0.044187728131710444	-0.026078051121703725	-0.08599839530688284
10234.0029296875	1.0	83.0	9441.080274078866	9982.342865144888	-0.156	-0.0407	-0.0287	-0.0277	0.1117	-0.0903	9342.210449736218	-0.057233871379770374	0.024002364794200683	0.059560423961673284	0.04128622967525551	-0.034717976463556156
10208.389054008152	1.0	84.0	9440.046413554808	9984.01207554478	-0.1592	-0.0329	-0.0146	-0.0225	0.1162	-0.0917	9342.67048517392	-0.04480263307867902	0.025495887055489632	0.10149372130134647	0.01702496962414455	-0.05085130509355943
10184.091669497282	1.0	85.0	9437.180787609639	9991.760502832703	-0.1253	-0.0177	-0.0131	-0.0185	0.1086	-0.0816	9341.824259203837	-0.024731560929748746	0.018630504878689592	0.03746314687516341	-0.0701552441869334	-0.09669518653113028
10172.889351222826	1.0	86.0	9444.216395346795	9994.940649801796	-0.0974	-0.0105	-0.0085	-0.0185	0.1172	-0.0962	9338.992539887144	-0.007339961988404709	-0.007733065982831939	-0.02784290131445671	-0.10015864165416381	0.07344825029519318
10189.608058763586	1.0	87.0	9447.571284505433	10000.168100131677	-0.0952	-0.0121	-0.01	-0.0231	0.1129	-0.1106	9337.473222908113	-0.007890379177180759	-0.016026242056911943	0.09913259014246972	-0.05394504077051119	0.0006353579574215536
10135.494352921196	1.0	88.0	9444.751995657622	9999.016542872509	-0.0694	-0.0029	-0.0036	-0.0048	0.1071	-0.1189	9336.142807509084	0.0013862214682228153	-0.014727314201076962	-0.008392510918728266	-0.025939119460247878	-0.025130418954483754
10285.541270380434	1.0	89.0	9434.194863375767	9990.226600553377	-0.0319	0.0225	0.0226	0.0576	0.0865	-0.0464	9327.234967451077	0.019261390901030975	0.019664338640213806	0.08225008746809824	0.027004909286345136	-0.03824343152132063
10211.52437160326	1.0	90.0	9434.665780514119	9990.666977346615	-0.0042	0.0213	0.0272	0.0775	0.088	-0.0494	9332.039980871245	0.057418852735703976	0.028202121507942254	0.06392907769913263	0.04607493276104834	0.018690267609335058
10144.583772078804	1.0	91.0	9432.850378000237	10013.63931536312	0.0135	0.0291	0.0223	0.0661	0.0817	-0.0382	9358.126774731101	0.050444690849577194	0.04602837588461632	0.04972171014328746	-0.02436060838053973	0.032771678466280436
10215.104322350544	1.0	92.0	9436.12254424743	10015.343613728546	0.0754	0.0536	0.028	0.0847	0.0474	-0.0052	9361.732666615715	0.07174112509215382	0.03814420230001619	-0.03922470601593332	0.03341373475406703	-0.006115459413836621
10258.706436820652	1.0	93.0	9439.187066403549	10016.88890645918	0.1159	0.0446	0.0295	0.1025	0.0178	0.022	9354.972547188143	0.06200280802860872	0.023665923577707176	0.004350454230288887	0.14294867241292203	-0.09712045866068095
10197.329186480978	1.0	94.0	9429.610286413325	10016.750288579615	0.1346	0.0207	0.0323	0.1223	-0.0029	0.0278	9348.125168059754	0.06946351466941177	0.07284655639222945	-0.10765852016045528	0.0817518759608991	0.029858082077312068
10261.07859205163	1.0	95.0	9435.851443509928	10013.161274606713	0.1413	0.0256	0.0493	0.1338	0.0006	0.0254	9348.318728449407	0.07469527255025006	0.03477934261922775	-0.08922027599118652	0.08622525799769959	0.05248691871690362
10172.4326171875	1.0	96.0	9435.224876891689	10021.369441411307	0.1161	0.0315	0.04	0.1305	0.003	0.0214	9364.380458948108	0.08184019775778095	0.04995144938849289	-0.059951650367105855	0.13520543965314427	-0.022995813394293352
10222.176503057066	1.0	97.0	9435.471354954308	10040.128154259724	0.092	0.0249	0.0403	0.1183	0.0053	0.0264	9393.560803332673	0.06437469075228518	0.04001654039569181	-0.08820961643614754	0.12891710688402813	0.04615814723716306
10238.432787024456	1.0	98.0	9448.112410175154	10031.30907855956	0.0828	0.018	0.0258	0.1066	-0.0004	0.0213	9391.852893317313	0.05436799430014238	-0.014177410280971041	-0.16196381984908784	0.09616172586235054	0.04904978547417537
10300.007005774456	1.0	99.0	9462.682820905256	10013.399743102349	0.0889	0.0152	0.0196	0.0967	-0.0025	0.0121	9378.191543513874	0.05761028515779734	-0.06515158846743938	0.03349334218319261	0.13666593372976887	-0.034268187165891265
10269.100883152174	1.0	100.0	9458.592070298997	9994.64824325605	0.1137	0.027	0.0375	0.1057	0.0075	0.008	9348.723069217885	0.08895971322321478	-0.05564837723672136	-0.07790361706091901	0.05146639930651131	0.007452673444443497
10246.399159307066	1.0	101.0	9442.57423866607	9976.553499693424	0.1277	0.0444	0.0454	0.1128	-0.0075	0.0307	9338.098591275893	0.0684662844003362	-0.00521738318939014	-0.06846454928984967	0.05955550337217201	-0.01757524705527673
10120.104704483696	1.0	102.0	9422.415405484413	9973.14101365185	0.163	0.0443	0.0567	0.1086	-0.0091	0.0299	9336.199971814072	0.07812137907669282	0.0818577372511495	-0.10254549316211786	-0.00706334903066055	-0.04621305699494172
10221.666822350544	1.0	103.0	9413.568372371079	9982.466758689787	0.1953	0.0557	0.0577	0.1026	-0.0163	0.0404	9344.708233424284	0.08183115214504502	0.10952948088884243	-0.01356670737919979	0.0499691041925044	-0.06278334755227243
10173.98539402174	1.0	104.0	9414.828847717012	9989.583738604802	0.2069	0.0631	0.0564	0.1039	-0.0405	0.0573	9337.813372218734	0.09829921161255985	0.12281148947555123	-0.010354127194790558	0.08152923588971063	-0.07239488671626675
10141.694930366848	1.0	105.0	9425.513574826358	9988.828759736216	0.211	0.0687	0.0687	0.1099	-0.0436	0.0484	9346.359672976885	0.09654073422108111	0.07181152106455914	-0.07871260705657317	-0.059471911472369625	-0.004653599684082925
10219.583602241848	1.0	106.0	9431.71925819732	9980.472209734673	0.2276	0.0848	0.0754	0.1195	-0.0485	0.0557	9342.926670934374	0.07287516838816578	0.0580607232294887	-0.023907588449691677	0.07669909660792622	0.020119366224714448
10157.445737092392	1.0	107.0	9437.129893276875	9982.969504557705	0.2672	0.0938	0.0811	0.1261	-0.063	0.084	9337.428005671834	0.12164931531997308	0.020541846848659114	-0.11736375757590273	0.08835675851019392	0.06484312802318253
10139.6630859375	1.0	108.0	9428.62319843966	9982.191067542151	0.2769	0.0944	0.0879	0.127	-0.0662	0.0947	9330.673825909453	0.09499600633693331	0.07003258987420645	-0.17385784862340545	0.018891860375102234	0.13720326070873787
10211.861455502718	1.0	109.0	9422.750677146345	9983.251789046642	0.2641	0.1025	0.0864	0.1275	-0.0679	0.0868	9333.786797700426	0.09875320679170324	0.09043330697645752	-0.056138200761784114	0.04654058988305036	0.09228708624528245
10107.80422044837	1.0	110.0	9420.039203769065	9991.248488181947	0.2443	0.0977	0.0804	0.1159	-0.0605	0.0591	9342.661316994216	0.0968494524073956	0.0910511791839489	-0.14961165862369702	-0.004578860153224625	0.07705080291570758
10186.226265285326	1.0	111.0	9425.403929609185	9992.738891423245	0.2211	0.0946	0.0688	0.0944	-0.0573	0.0218	9354.149721388601	0.08609665340592206	0.08179074935719764	-0.024424115392456494	0.1310594562490473	-0.018483642168606793
10187.724269701086	1.0	112.0	9439.184220768611	9988.502288409329	0.2229	0.0915	0.0645	0.0795	-0.0774	0.0378	9352.638649852162	0.0736052542903621	0.023408824606922386	-0.03059523844849484	0.043950828498867056	-0.061019514031653836
10158.147036345108	1.0	113.0	9441.755544431062	9980.401330547138	0.2319	0.0994	0.0744	0.066	-0.0807	0.0374	9334.944780792732	0.08999747622943409	0.01559670904964545	-0.11265901482148505	0.029682723606218334	-0.09252667669027027
10192.434655230978	1.0	114.0	9434.712612306375	9986.138920716943	0.2365	0.1217	0.0831	0.0685	-0.074	0.0446	9322.866797818184	0.09972010980969505	0.04056088464661636	-0.06480818227282663	0.08684946831153953	-0.16374591720828044
10140.793138586956	1.0	115.0	9409.977947004354	9983.129695372489	0.2284	0.11	0.0883	0.08	-0.0698	0.0524	9324.302276004717	0.11376607315136818	0.11368290478119918	-0.0832653769004615	-0.07003685573794123	0.031232194627379438
10214.685801630434	1.0	116.0	9415.470697386472	9989.771507467065	0.2116	0.1024	0.0789	0.0782	-0.0731	0.0445	9342.121740870069	0.10757371924966029	0.10276784824947749	0.09405323865541952	0.03331845928486973	-0.0920059469554267
10104.887865149456	1.0	117.0	9423.919178060458	10006.964267738424	0.1946	0.0895	0.0773	0.0704	-0.0677	0.0343	9364.577254692418	0.07482913476644219	0.08043443733835387	-0.06768670037144947	-0.08831721968267914	0.07050448824327502
10213.348335597826	1.0	118.0	9455.707572021905	10009.657080737772	0.1734	0.0911	0.0782	0.06	-0.0499	0.0083	9377.473189711876	0.06549405512355375	-0.051450950370575864	-0.031158512115930282	-0.023802575231692488	-0.082061725159818
10211.738451086956	1.0	119.0	9456.548412925596	9996.4762160755	0.1549	0.0805	0.0719	0.0616	-0.0499	0.0162	9354.429405049335	0.06350911164619803	-0.04509786180070774	-0.07485059305956474	0.05273030400519964	-0.04392607905211093
10246.137567934782	1.0	120.0	9467.024794999514	9976.673951954821	0.1385	0.0589	0.0611	0.0637	-0.0439	0.037	9342.745876993878	0.06384149089590249	-0.08915787982908349	-0.11737417351169199	0.03971746708153658	-0.061109806613681567
10238.856742527174	1.0	121.0	9446.46839353612	9962.518360637925	0.1181	0.0387	0.0462	0.0559	-0.0582	0.0549	9326.217180134123	0.04547288689760245	-0.010541282022564992	0.006814828398051442	0.02909351957135843	-0.04965728072318059
10198.435249660326	1.0	122.0	9417.14271534334	9958.34190396076	0.0989	0.0283	0.046	0.0415	-0.0624	0.0596	9330.965875372854	0.043709775271374436	0.11191264418369468	-0.07085792918132267	0.023470917240007202	0.048261632125824766
10173.652131453804	1.0	123.0	9407.494019778343	9955.42156176192	0.0978	0.0225	0.0418	0.046	-0.0493	0.0543	9337.861014782788	0.058951870509897905	0.12282025196304412	0.036521232967947674	-0.04095807845942642	-0.050764395251928836
10221.058381453804	1.0	124.0	9390.861851343761	9962.712640228909	0.0919	0.0139	0.045	0.037	-0.0447	0.052	9333.42897582686	0.05249759101066252	0.2005811258448078	0.1047075472071094	-0.07409699516290623	0.051352483221859896
10118.00539232337	1.0	125.0	9408.005539198875	9961.234759801551	0.077	0.0053	0.0408	0.025	-0.0344	0.0329	9344.746408353269	0.040933863772105575	0.1280925938564089	-0.0033825480614168733	-0.065992505575732	0.07659195186851422
10195.467900815218	1.0	126.0	9427.8676275101	9958.447404448669	0.0702	0.0011	0.0415	0.0183	-0.0347	0.052	9349.032077803438	0.023579822371475004	0.05510399708691748	0.12878764886570102	-0.03698970766671363	-0.05800227044844598
10194.7958984375	1.0	127.0	9449.973073643547	9964.508391962561	0.0814	0.0001	0.0435	0.0183	-0.0248	0.0362	9347.177370640517	0.052093262050788555	-0.023389589992876082	0.0027943929613836707	0.07045894569073666	-0.02640464252744773
10194.832370923914	1.0	128.0	9455.192503996715	9969.822973195724	0.0894	-0.0023	0.0461	0.0116	-0.0206	0.0327	9345.273956070534	0.042041895297392926	-0.04900788558021911	-0.032072471632309967	0.07303233615845922	0.009979934797742415
10186.422426970108	1.0	129.0	9456.641664855091	9961.2083912247	0.0959	0.0029	0.0462	0.0092	-0.0355	0.0206	9329.513629916592	0.05815187781865401	-0.06961764973570393	-0.1557762452679785	-0.024485046222815565	-0.028045118023630612
10198.935631793478	1.0	130.0	9444.143501015382	9971.804700728424	0.108	0.012	0.0474	0.0073	-0.0202	0.018	9340.234895468642	0.05892477084975788	-0.013664755079655993	-0.06478906318256046	-0.02380475426178153	-0.1158446566262494
10203.618928328804	1.0	131.0	9424.88296322076	9977.484504436246	0.1033	0.0112	0.0425	0.0017	-0.0332	0.0141	9352.572670115538	0.0469632693515253	0.07364898445106433	-0.01102142901970724	-0.023455509264022612	-0.015078367233673888
10240.780061141304	1.0	132.0	9424.570920446444	9977.843704595902	0.1084	0.0161	0.0392	-0.003	-0.0367	0.0141	9337.705796053417	0.04180047279220359	0.06935554630096119	0.08471583357990532	-0.0636217173230704	-0.12903754833830158
10202.714546535326	1.0	133.0	9421.556041286349	9982.31089797293	0.1141	0.0088	0.0458	0.0046	-0.0445	0.0306	9350.52240757305	0.05342186518446432	0.09431498624895275	-0.044572914341643476	-0.10825578424406396	-0.0375200778605803
10218.089673913044	1.0	134.0	9424.387755060707	9989.680979518136	0.126	0.0128	0.0458	0.0029	-0.0487	0.0465	9353.697161337765	0.04012172238959283	0.0752200691165879	0.05091167877753416	0.026465173167107572	-0.07034899424498174
10192.373429008152	1.0	135.0	9427.644217149964	10004.865957084086	0.1363	0.0257	0.0352	-0.0045	-0.0449	0.0417	9357.033384654147	0.061218908317154985	0.05654822014914128	-0.03752016207934427	-0.005851926544628807	-0.11949425361063848
10147.13136888587	1.0	136.0	9426.889440162677	10009.739433403298	0.1509	0.0368	0.0477	-0.0041	-0.0426	0.0402	9346.289184383328	0.07570128133003871	0.06093260556066195	-0.052289075854520826	0.008023994806359102	0.0038977086205601026
10253.76655910326	1.0	137.0	9428.926514600167	10007.577570756634	0.1533	0.042	0.043	0.0025	-0.0505	0.0459	9360.512274269502	0.0517510025846706	0.0430512208740412	0.07848874247500118	0.09177820797467245	-0.05855065301318096
10113.52250339674	1.0	138.0	9427.928859801676	10012.153088768162	0.1537	0.049	0.0397	0.0011	-0.0417	0.0399	9355.433246224447	0.08080385451709075	0.05360460336554202	-0.02104903842321282	0.04797116993861329	-0.012833786726949882
10217.496942934782	1.0	139.0	9429.383303481734	10024.499603013728	0.1426	0.0607	0.0452	-0.0013	-0.0382	0.0499	9367.092065319237	0.06999465476221299	0.048966522306951886	0.041566549937296436	0.06753955606248144	-0.03396837969862581
10296.517917798914	1.0	140.0	9434.800547151799	10034.080069973119	0.1479	0.0546	0.0412	-0.0012	-0.0397	0.0343	9376.516295384396	0.07363629339321909	0.026067974207313653	0.012534503434699052	0.03363733068250372	-0.03824853059941118
10138.329526154892	1.0	141.0	9439.758730664535	10039.69697384244	0.146	0.0747	0.0533	0.0083	-0.0275	0.0317	9376.18166963366	0.06873497749463425	0.0023072142727878307	-0.00558358831381261	0.042050464085925186	0.0016043778895399284
10221.382090692934	1.0	142.0	9441.616656348568	10028.730057912038	0.1625	0.0912	0.0616	0.0212	-0.0371	0.0349	9360.355052968653	0.06389775756228053	0.00028514978516306955	-0.028382451648745602	0.0009631154829019507	-0.037269795041159716
10252.650263247282	1.0	143.0	9436.8360605408	10022.40634744565	0.1795	0.0805	0.0665	0.0271	-0.0414	0.0419	9363.431123317698	0.08435319968421023	0.019425734672115582	0.005084218608363326	0.09633101135617719	-0.06887591422560191
10162.174380095108	1.0	144.0	9429.781349242785	10025.523183814974	0.1661	0.0539	0.0505	0.0176	-0.0378	0.0141	9359.164591048102	0.05472864953372455	0.045470721585247405	-0.007713903308918273	0.07575490107466851	0.0781232371131432
10159.96577785326	1.0	145.0	9419.733558103611	10023.709228237585	0.1546	0.055	0.0395	0.0034	-0.0435	0.0295	9371.81421945767	0.06944656095731236	0.08292835896663835	0.0529305342634142	-0.05491645497121181	0.0666293204430054
10196.785750679348	1.0	146.0	9425.784821896334	10015.795812187798	0.16	0.0782	0.0491	0.0007	-0.0352	0.0146	9360.808240260518	0.07373869806703667	0.0661197144006199	0.010545304399167933	-0.06713298374111376	-0.08402945476608424
10156.407863451086	1.0	147.0	9433.65581606599	10008.56318345735	0.1704	0.0941	0.0536	0.0076	-0.0359	0.0056	9358.288222381687	0.07881653393911109	0.01225518308577576	0.03035333435632998	0.036562488166161526	-0.02211380588544264
10152.576936141304	1.0	148.0	9435.871839758685	10007.412218423093	0.1576	0.1095	0.0673	0.015	-0.0541	0.0199	9352.47514040608	0.06719019024280284	0.034817776676515866	0.005353654399146113	-0.03087555485114777	-0.12092447183090438
10150.538892663044	1.0	149.0	9435.998434732004	9996.740456032458	0.1495	0.1172	0.0709	0.0217	-0.0567	0.0409	9338.440699316696	0.0668387405044875	0.017315977451859987	-0.07293469747236342	0.0014070500932464869	0.04215632813746256
10250.566236413044	1.0	150.0	9424.355114480264	9993.006740730321	0.1542	0.1153	0.0708	0.0174	-0.0681	0.0577	9344.556473204471	0.03793220407749149	0.06248630960268536	-0.012950527068056009	-0.005718783034498544	-0.02498630834883058
10141.621942934782	1.0	151.0	9419.643797224713	10000.901816685202	0.145	0.1125	0.061	0.0185	-0.0619	0.0701	9346.338014908684	0.0538147417743959	0.07878744705032015	-0.04998945263212612	-0.02895490720941038	0.09855370891601742
10268.026537024456	1.0	152.0	9429.396678134723	10006.728799914863	0.153	0.1093	0.0645	0.0239	-0.0489	0.0553	9360.71657433976	0.0568843067458499	0.044635972155102885	-0.0024094472856180057	0.0758526533642387	0.052471124789639154
10221.751401154892	1.0	153.0	9433.488806156563	10006.787008449208	0.1714	0.1181	0.0592	0.0251	-0.0662	0.052	9364.62350716296	0.07311672179783964	0.02377047126404859	0.04672616134797117	0.05177875449430397	-0.07700441901297872
10178.420813519022	1.0	154.0	9438.185905026681	10006.589331095929	0.1588	0.1366	0.0761	0.0284	-0.0731	0.0383	9355.476267634447	0.07252579047641428	0.001838460442157571	-0.041312708503728306	0.015587931583851964	0.010970647741284187
10192.27195142663	1.0	155.0	9449.440174322988	9997.34968400916	0.1453	0.1429	0.0906	0.0325	-0.0748	0.0532	9348.062070231792	0.0672802813407296	-0.01297202696930688	-0.06906734555377929	0.0748725611049374	-0.04451473640900408
10294.438051970108	1.0	156.0	9442.473026553858	10003.721678378433	0.1425	0.122	0.0856	0.0243	-0.057	0.0365	9347.319129917756	0.05483915146262381	0.004196250103963402	0.05193085872781416	0.05054036795248651	-0.11064748085066167
10125.82961107337	1.0	157.0	9433.526049880638	10008.670971520047	0.1217	0.089	0.0707	0.0125	-0.0477	-0.0075	9348.25511839968	0.05753889859943	0.03108362234089471	-0.07004973868306279	-0.058793764131139195	-0.08753043789886926
10145.665888247282	1.0	158.0	9440.45931434038	10009.28448671744	0.1128	0.0781	0.0724	0.0121	-0.0312	-0.0207	9359.361540580481	0.05852553064473116	0.003913926134197473	-0.02323897451359281	-0.09617654040724172	-0.12486930850429392
10237.589249320652	1.0	159.0	9440.863108081468	9998.260549775738	0.1124	0.0694	0.0601	0.0118	-0.0354	-0.024	9359.36199377391	0.053055524637408855	-0.014634059272176233	0.04342958920254421	-0.052302386348579435	-0.08033275060427632
10165.389266304348	1.0	160.0	9446.178614057639	9977.52168136723	0.1192	0.0657	0.0577	0.0118	-0.037	-0.0084	9342.235453377629	0.025549634617799733	-0.03892695494526797	-0.04850553620389834	-0.15683418380502134	-0.058633919185329154
10244.16402004076	1.0	161.0	9441.031055396377	9968.75417641647	0.1022	0.0697	0.0579	0.0278	-0.0348	0.0011	9335.639225583363	0.03641744114776976	-0.012967999337745314	-0.0046561568520440836	-0.1255856881970127	-0.060497304813897285
10189.191066576086	1.0	162.0	9456.07368945515	9972.814825803523	0.0994	0.0724	0.0574	0.0409	-0.029	0.0012	9344.5698800053	0.048631442792869455	-0.06754393327242778	-0.0094920252703646	0.017112121584034246	-0.03511589839821231
10203.71484375	1.0	163.0	9446.527016653885	9979.682914633107	0.1116	0.0735	0.068	0.0384	-0.0239	-0.0157	9352.355738133507	0.06384025753382026	-0.018315683107453826	-0.03279750996932544	-0.11755176825068318	-0.09337768410452685
10206.887950067934	1.0	164.0	9448.728739596385	9978.698062749785	0.109	0.0895	0.0788	0.0411	-0.0246	-0.0229	9347.60837715825	0.03834592562564965	-0.02708441611829887	-0.015040907619994466	-0.11065617305629931	-0.061129718538869005
10194.996306046196	1.0	165.0	9445.832814390338	9969.84497699831	0.0875	0.087	0.0958	0.0401	-0.032	-0.0039	9337.268295001088	0.055814522636156	-0.03358129639527064	0.07712295774634804	-0.09132912231411569	-0.09508029276166312
10273.025050951086	1.0	166.0	9432.066163037667	9963.284256292867	0.0821	0.0827	0.0949	0.0358	-0.0273	-0.014	9319.527568494264	0.030823772783414007	0.014817246474316712	0.113311567272231	-0.049599454499209945	-0.011458849336623217
10176.620711616848	1.0	167.0	9427.283289709267	9972.196407144764	0.0624	0.0825	0.0893	0.0351	-0.0492	0.0268	9320.172145848941	0.022751903015782983	0.04686700348842888	0.07321490145015493	-0.014872045784010106	0.03019216307039414
10204.16796875	1.0	168.0	9429.977296356506	9985.211495930016	0.0703	0.0732	0.0975	0.0323	-0.0365	0.0147	9340.811608493617	0.04967610315121631	0.03858373797828798	0.03079854272459922	-0.024369573576945497	-0.010579013413815013
10330.1591796875	1.0	169.0	9431.749796788585	10007.675030594144	0.0653	0.0757	0.0931	0.0324	-0.0464	0.0324	9373.18166096063	0.03542245945233782	0.0236770660207613	0.21008099645339262	0.07585185804484458	0.009615362509112347
10194.201893682066	1.0	170.0	9445.728070720274	10016.91375988235	0.0682	0.0816	0.0811	0.0277	-0.0487	0.012	9371.155243841798	0.042708777145010285	-0.033085990455868394	-0.08494874496617943	-0.0007894693891449652	0.037926030842113725
10251.952997622282	1.0	171.0	9456.563364661197	10024.426530207194	0.0497	0.0972	0.0941	0.0291	-0.0443	0.0059	9368.200280068571	0.023439452144901837	-0.07140800548548978	-0.006858290270288207	0.002007740594060809	0.04244295447262955
10310.106530230978	1.0	172.0	9443.205495180986	10023.900775402044	0.0329	0.1007	0.0935	0.0244	-0.0611	0.0393	9367.669649404079	0.011644213975936695	-0.02049080816006918	0.024867783324544555	0.06447736615966758	0.04040784913972006
10282.426587975544	1.0	173.0	9436.815225125843	10033.461873701142	0.042	0.0836	0.0965	0.019	-0.0387	0.0084	9372.411758681586	0.037326530014718716	0.0022284023525905587	0.043686880034723014	0.07171750384236375	-0.007914519683483227
10254.090947690218	1.0	174.0	9445.597609329092	10054.81355385071	0.064	0.042	0.0912	0.0092	-0.0215	-0.0142	9406.875296328815	0.03063877469708198	-0.03014070166579916	0.05633385604475994	-0.031459316594885246	-0.01139106374703662
10275.211574388586	1.0	175.0	9461.787202710475	10071.673552415486	0.0561	0.0373	0.0777	0.0106	-0.0088	-0.0513	9423.112306703017	0.008708058838414216	-0.0887360609437278	0.05307340176635655	0.002958815887360378	-0.08417085498489404
10229.634001358696	1.0	176.0	9473.347086785452	10052.319890439469	0.0635	0.0335	0.0852	0.0188	-0.0182	-0.0701	9403.428318146525	0.03563493455780767	-0.12871131075526962	-0.03834412713173113	-0.042207241785178005	-0.053393904110951365
10174.748683763586	1.0	177.0	9468.90398108716	10012.465495418734	0.0927	0.0527	0.0815	0.02	-0.0132	-0.061	9369.248586948728	0.03835385048985937	-0.1451467609735551	-0.038117459399237004	-0.1471584580928038	-0.04387763165284975
10200.805876358696	1.0	178.0	9466.110061598038	9989.144343995067	0.1176	0.0944	0.0813	0.0205	-0.0144	-0.0519	9343.218113007522	0.03703936946468546	-0.11980774975516563	0.0330278478083725	-0.06544164901972303	-0.01822458444786141
10133.133449388586	1.0	179.0	9445.599772754278	9961.963839321861	0.1258	0.1059	0.0924	0.0295	-0.0194	-0.0463	9311.453426086044	0.041238872346889846	-0.053225650897767866	-0.09270567618606437	-0.14501593270219576	-0.047210301036214625
10165.087720788044	1.0	180.0	9429.6978013335	9949.661987842173	0.1459	0.108	0.089	0.0225	-0.049	-0.0007	9317.012641197938	0.018274712312342067	0.020313668602272943	0.017038417753739724	-0.05507816426306791	0.035291055314974305
10127.466117527174	1.0	181.0	9415.493568459968	9958.10712732113	0.1579	0.1097	0.0814	0.0144	-0.0577	0.012	9319.27974378271	0.050359657009978936	0.08164443614479694	-0.07330429126778698	-0.1582844695606116	-0.007024701723510972
10153.232082201086	1.0	182.0	9431.22293203692	9979.70441646121	0.1578	0.1061	0.0704	0.0042	-0.0496	0.0031	9344.005245440296	0.02807523454964843	0.015962455909433588	0.05680849458316895	-0.09011398043081895	0.05822111906945722
10253.800399116848	1.0	183.0	9441.123629166847	9992.846404648155	0.1369	0.1018	0.0781	0.0021	-0.0483	0.0051	9341.280888250594	0.04669689703369624	-0.019990614737307795	0.04209957633978017	-0.03232645390195161	0.01797941993993596
10285.82175611413	1.0	184.0	9445.32476880482	9995.753296975101	0.1267	0.092	0.0903	0.009	-0.046	0.0053	9342.89724664044	0.02477512938879791	-0.03926298399504241	0.042589985037936304	0.004894274455922677	0.008342549577689167
10293.670771059782	1.0	185.0	9438.142256261071	10001.487680488686	0.1265	0.0847	0.0817	0.0153	-0.0469	-0.0046	9337.404201860882	0.020013057283331668	-0.012042567144778273	-0.006502400883822008	0.010053784715527097	0.009112168102314919
10281.963145380434	1.0	186.0	9437.64482695299	10010.081729588164	0.1236	0.0852	0.0917	0.0152	-0.0526	0.009	9348.616499526033	0.022038784376299022	-0.0016089815150696668	0.05396048045025157	-0.032313577875732954	-0.05429949500731389
10202.965735394022	1.0	187.0	9436.151523140446	10023.117550491088	0.1053	0.0817	0.0921	0.0108	-0.052	0.0252	9365.822578254063	0.030560323604024785	-0.012862120392840222	-0.010770235621048313	-0.06586528562056276	0.11625594151013709
10288.680027173914	1.0	188.0	9440.512644847207	10026.834583469345	0.1128	0.1042	0.1071	0.01	-0.0526	-0.0005	9369.969431444735	0.06010943525753945	-0.019136385070650134	0.07959385601939645	-0.0177938855428769	0.06119116694076773
10316.749405570652	1.0	189.0	9438.887116227477	10021.296944909602	0.1266	0.1247	0.11	0.0127	-0.076	0.037	9367.290154201348	0.03300482117861649	-0.0162839504085792	0.0808625732868998	0.0001745297593987319	0.0847245256224739
10228.568104619566	1.0	190.0	9435.933796961415	10019.611565754303	0.1197	0.1199	0.1117	0.0067	-0.0581	0.0103	9370.951034498064	0.03610728444403304	-0.009165018014453333	0.05345165358939906	-0.018645682919159266	0.06096750542463077
10264.49465013587	1.0	191.0	9445.335941888286	10024.49381751863	0.1143	0.1143	0.1061	0.0043	-0.0688	0.0125	9373.14629664928	0.01803257861314873	-0.04767998815785933	0.07946774193540981	0.03394038244601936	0.115519199021158
10178.238663383152	1.0	192.0	9450.121300337021	10018.168101713713	0.1248	0.1142	0.1061	0.0038	-0.0697	0.0085	9370.122139348845	0.04006117759979235	-0.0657209369095274	-0.004365678205039113	-0.11601766671108395	0.1017773545390231
10270.342051630434	1.0	193.0	9456.04468035047	10003.31956943065	0.1202	0.116	0.1028	0.0025	-0.0764	0.0316	9359.721603702295	0.030063140172858844	-0.08776463505302831	0.02202949193739437	-0.0008247678427350653	0.09264114209161747
10249.841627038044	1.0	194.0	9456.537547190957	9991.851781257059	0.1044	0.124	0.1064	-0.0003	-0.0766	0.0326	9346.311179097203	0.02855395690564741	-0.08975174827000301	0.01596333538090863	0.02872469680786778	-0.022836952224050834
10270.477369225544	1.0	195.0	9449.462329937025	9994.014959588172	0.0853	0.1309	0.1172	-0.0037	-0.0761	0.0234	9346.64629076797	0.0174993692678798	-0.06800480302968957	0.05162689694509012	-0.05607716398334299	-0.03576250267899245
10170.594641644022	1.0	196.0	9438.182144771594	10002.363434050012	0.078	0.1293	0.1071	0.0092	-0.0621	-0.0005	9341.710680287868	0.037765268549148814	0.002882508893023381	0.035297599164428844	-0.050726936571029176	0.06877434158319272
10245.16452955163	1.0	197.0	9422.64858906466	10000.9200815005	0.0738	0.1314	0.1069	-0.0034	-0.0894	0.066	9354.518676190337	0.022167666443618023	0.04810719606356442	0.11749511162030692	-0.00786223831595103	-0.060430845893249235
10241.139011548914	1.0	198.0	9423.520238270448	9998.570761395142	0.087	0.1254	0.1183	0.0086	-0.0786	0.0594	9347.79573036905	0.024398054856199235	0.044641134585797805	0.023841287920096734	0.05072510759315245	0.08041441080193326
10233.439792798914	1.0	199.0	9428.437711819208	10013.196104495844	0.0902	0.1233	0.1278	0.0132	-0.0604	0.0418	9356.685009471234	0.029739852065956876	0.02867066147874442	0.1367467852471369	-0.09239193922797284	0.03330284996426378
10186.143724524456	1.0	200.0	9424.269658003965	10023.375867698429	0.0822	0.1182	0.1229	0.0104	-0.0775	0.0505	9365.496429784715	0.01936167392619831	0.03737221607511492	0.053830184356318804	-0.0015378473799901183	0.12493857464442824
10289.170091711956	1.0	201.0	9450.860078307283	10041.343186628656	0.0821	0.1195	0.1266	0.0013	-0.0681	0.0469	9386.563357705709	0.014395044559556546	-0.05378322303868714	0.030087599695944618	0.031492907370326555	0.07778125308721014
10260.873386548914	1.0	202.0	9463.080845062435	10052.294754067618	0.0806	0.1233	0.1249	0.0031	-0.0656	0.0354	9392.39909624571	0.012453500538606969	-0.10032695834775134	0.08225251760320834	0.12864946582488607	-0.001756756611003728
10285.16996433424	1.0	203.0	9472.299768737308	10046.415468325858	0.091	0.1159	0.1232	0.0032	-0.0703	0.0176	9401.265851953289	-5.023421981908436e-05	-0.1438141049834886	-0.03519872871967475	0.004047745890424617	0.031094151702061028
10320.616295855978	1.0	204.0	9465.431895820731	10040.625390805177	0.0911	0.1006	0.1185	-0.0019	-0.0822	0.0334	9390.592960219603	0.016017946428224798	-0.13608707796905792	-0.039721627533494876	0.06146789160099517	-0.026802231340424688
10200.145762567934	1.0	205.0	9457.723606989122	10036.721837245452	0.1145	0.1004	0.1256	0.0065	-0.0818	0.0367	9379.155908284007	0.019955348495638285	-0.07890228469391201	-0.05649068797548292	-0.036679749543128234	0.06763033102161163
10221.087678328804	1.0	206.0	9444.036746497472	10025.960993581151	0.1456	0.0932	0.1253	0.0072	-0.063	0.0121	9376.15874044832	0.012409996329658259	-0.03621197593201764	0.002631603289436419	-0.08261984325025043	0.024755484343301187
10226.951851222826	1.0	207.0	9439.828579525201	10007.279193145996	0.1468	0.094	0.1182	0.0056	-0.0731	0.0299	9367.694310609824	0.030618531056696922	-0.0179071055538603	0.05357774262586062	-0.07275890479627085	-0.029881653456277104
10203.361200747282	1.0	208.0	9436.365200956512	10002.302858490888	0.1151	0.126	0.1185	-0.019	-0.0785	0.0327	9367.823883276238	0.028833253070548837	-0.009197599984966559	0.028595932358776763	-0.05904553759873222	0.04780022552603442
10156.911812160326	1.0	209.0	9436.719067981983	10001.236604762438	0.0863	0.1346	0.1068	-0.0273	-0.0984	0.0701	9359.414276762272	0.018225160055417845	-0.016239504127863586	-0.014829446911785836	-0.0881380323549621	0.09664012065537214
10192.295771059782	1.0	210.0	9440.417085691755	9999.558720127388	0.0954	0.1309	0.1283	-0.0197	-0.0947	0.0725	9360.730243553495	0.02026416755734546	-0.03908560174045777	0.04582214522710809	-0.05861290950120123	0.006296564656812639
10277.30710767663	1.0	211.0	9445.631579222747	10002.0366964678	0.1135	0.1261	0.1165	-0.0206	-0.1029	0.0804	9347.631553982561	-0.00023806981663550283	-0.036949009576147517	0.10944357784688047	0.011050690905948998	-0.08862515310661087
10247.215523097826	1.0	212.0	9434.832459276702	10002.879496094673	0.1205	0.0998	0.1217	-0.0189	-0.101	0.0752	9346.87663973713	0.024698772804553605	0.0002349454364950401	0.06363933791961186	0.018755778460238563	0.09441247042784304
10228.627505095108	1.0	213.0	9444.087748512033	10011.0503593999	0.1019	0.1104	0.1308	0.0003	-0.0879	0.0505	9358.65624877808	0.031706743824283214	-0.04718181665414973	0.05760523252290638	-0.06323472863705083	0.15650163426090766
10159.028957201086	1.0	214.0	9449.73159603326	10011.421986309593	0.082	0.1597	0.132	0.0175	-0.0858	0.036	9362.787858590675	0.016248432681057266	-0.06823771327323208	-0.011176732136896846	-0.017403540533342702	0.061744910894533954
10194.681937839674	1.0	215.0	9450.815208247817	10009.096614823175	0.0704	0.1699	0.1277	0.02	-0.0896	0.0513	9364.277850301356	-0.0016326873364800665	-0.052606625621539095	0.018185058938958953	0.03144832825885562	-0.0451684350376176
10316.49116847826	1.0	216.0	9442.477737548068	10010.673918983903	0.0424	0.1585	0.1155	0.0066	-0.1047	0.0828	9363.416015346698	-0.004677894303130759	-0.037702216815509615	0.032382625287665216	0.14302739200619236	-0.007394238228637183
10239.181385869566	1.0	217.0	9436.274836181894	10010.78574971975	0.0403	0.1439	0.1157	0.0038	-0.119	0.0954	9352.26985695492	-0.0016222843695646635	0.001883591034926966	0.014965128616503332	0.09636551941844787	0.07363325546476411
10217.642280910326	1.0	218.0	9430.181452097466	10015.824232699299	0.0826	0.1309	0.118	0.0042	-0.1066	0.0776	9363.865693249707	0.022911818138611206	0.0028762922473741844	0.07096818462878683	0.01570285144271858	0.11277581123726016
10191.446968410326	1.0	219.0	9434.094625463133	10033.314112978784	0.1017	0.1323	0.1218	0.0039	-0.0903	0.0636	9382.807635431514	0.021123655928502454	-0.004712090737047745	0.07374879869332453	-0.025444422549353196	0.08237347889880767
10229.076299252718	1.0	220.0	9454.751532018288	10034.882375070394	0.0972	0.1406	0.1373	0.0164	-0.0794	0.0404	9388.037223320192	0.020003383674617143	-0.08372999768204199	-0.011243024754776777	-0.10774648272924696	-0.05950018694010275
10282.216924252718	1.0	221.0	9463.451106894605	10023.191049131545	0.0986	0.1447	0.1319	0.0179	-0.0794	0.0329	9377.133560850329	3.603534222194614e-05	-0.12323447796588781	0.04342372125064049	0.02941165090291164	-0.0024219874651190414
10305.204993206522	1.0	222.0	9458.392031445785	10022.521462765671	0.1062	0.1507	0.1307	0.0118	-0.0926	0.0766	9369.66160561971	-0.0012521530128207572	-0.09506736932785162	0.08566432514518624	-0.00279126038361877	0.0031523770469020014
10293.55570652174	1.0	223.0	9456.857488205636	10027.339065831065	0.1027	0.1355	0.1301	0.0105	-0.0877	0.0556	9371.091954587566	0.013784440095977988	-0.08075771266173178	0.025787845926484202	0.029003582309520867	0.01379802344600491
10201.36527683424	1.0	224.0	9453.003209356366	10026.864052771492	0.0938	0.1389	0.1257	0.0047	-0.0879	0.0394	9381.943149100276	0.008788720633975436	-0.06429978873896355	0.03183297390837525	-0.04784301404033167	0.012883553336934587
10199.259765625	1.0	225.0	9448.575740641472	10011.511905489842	0.0868	0.1581	0.1253	0.0138	-0.0861	0.032	9371.815018598154	0.011242462727142674	-0.05769795147140322	-0.06720553485313815	-0.07405271762516505	0.14630084058500603
10317.086234714674	1.0	226.0	9455.297650714008	10000.95063276577	0.0735	0.1598	0.13	0.0147	-0.0903	0.0929	9362.79009325751	-0.007876973870925903	-0.0748809109334189	0.1190351963371586	-0.02236718227063831	0.03311652115079963
10262.383449388586	1.0	227.0	9453.337657708262	10002.431919563658	0.0532	0.1552	0.1365	0.0117	-0.0983	0.0912	9347.635102055425	0.015664670540634473	-0.09312519248998724	0.03176373257900307	0.07528449699893575	0.11307293713083416
10242.325874660326	1.0	228.0	9452.095802874124	10008.18070843219	0.055	0.1649	0.1385	0.0066	-0.0897	0.0768	9345.864367137441	-0.01664293254983525	-0.06886391750226085	0.01233070172400108	-0.05260592703995066	0.04587996624224727
10222.282863451086	1.0	229.0	9430.833451704546	10006.982268285661	0.033	0.1762	0.1426	-0.0026	-0.1203	0.1124	9337.048257035793	-0.010896648990746731	0.007033589067518132	0.015172378770554691	-0.0588433573174411	0.029001564329296733
10311.19191576087	1.0	230.0	9439.952175611119	10009.276196724799	0.0188	0.1646	0.1332	0.0107	-0.1203	0.0844	9342.818994741148	-0.009714707529453692	-0.015951392530822586	0.09399559928194927	0.03642012272568531	0.09376980230867264
10231.163468070652	1.0	231.0	9426.650890889647	10021.531167583693	0.0226	0.1431	0.1235	0.0206	-0.1378	0.107	9361.892655610427	-0.020098981818533868	0.03531388347730219	0.03017248957710332	0.04888760116069254	0.019027964474517066
10216.26859714674	1.0	232.0	9430.64462728596	10041.45264566334	0.0313	0.1321	0.1283	0.0111	-0.1191	0.0842	9390.941431829888	-0.03820458592381599	0.01798725309513124	0.05628123011564816	0.02979618499149582	0.08594756438995074
10205.284052309782	1.0	233.0	9467.586985118984	10057.197814664212	0.0336	0.1303	0.1249	0.0127	-0.1292	0.0888	9404.929200299346	-0.047545197111457584	-0.11106075406438429	0.05103694628895187	0.030810781006877765	-0.06033712696775641
10282.183254076086	1.0	234.0	9486.45690702774	10038.893932155233	0.05	0.1337	0.1336	0.0131	-0.1301	0.0758	9387.402913739043	-0.004425996284518922	-0.18963153100187935	-0.09407552940641588	0.09935824026582714	-0.018647182262199333
10304.318486752718	1.0	235.0	9480.334730214905	10001.343105035481	0.0614	0.154	0.1382	0.0127	-0.1533	0.1054	9361.347961247493	-0.0407334444594427	-0.16407337391879906	-0.05358752428789225	0.05002978614322215	-0.028390858093344257
10286.112474524456	1.0	236.0	9475.105928338608	9994.272186649452	0.0534	0.1641	0.1401	0.014	-0.1375	0.0978	9349.004975948079	-0.028191019818479372	-0.15379627520986744	0.005080094784236879	0.10009430730183702	-0.03198644663229503
10255.223547894022	1.0	237.0	9445.138771792905	10001.612843163748	0.0879	0.1664	0.1423	0.0072	-0.1575	0.1232	9347.715849166787	-0.008748932784806469	-0.052323676465010516	0.004920105039360412	0.008733848090691455	0.08300298749912453
10315.746645720108	1.0	238.0	9425.013408240256	9992.32377563622	0.1199	0.1178	0.0923	-0.0461	-0.26	0.2667	9345.096115079692	-0.04929084722419849	0.03874912754548799	0.045153124760576674	0.12040315565096084	0.03164803259496888
10234.793181046196	1.0	239.0	9402.097878533583	10002.26133164279	-0.0057	-0.0475	0.0447	-0.0656	-0.2796	0.3056	9366.790702821998	-0.12168744976516145	0.15622495710637743	0.07714065775557737	-0.029933687446847653	-0.058082275860883825
10169.433254076086	1.0	240.0	9415.510383867038	10018.914241866936	-0.1362	-0.1869	0.0434	-0.0479	-0.2273	0.2357	9380.46284490951	-0.15402139034136222	0.11813025027076271	-0.02801066110634315	-0.0886088655969627	-0.06048260867033299
10195.720151154892	1.0	241.0	9427.355047474508	10016.929992107025	-0.1665	-0.2024	0.0605	-0.0312	-0.2225	0.2634	9384.027767767353	-0.14826296567689415	0.07353697932649701	-0.009200464971983931	-0.011311885990983393	-0.0539907899050544
10290.264223845108	1.0	242.0	9450.871748786132	9993.551382314707	-0.1591	-0.1627	0.0956	-0.014	-0.2132	0.2804	9364.383327493915	-0.15799400239569256	-0.024977995114773742	-0.03583540533989838	0.07894062368386547	-0.08531515931973226
10204.22218919837	1.0	243.0	9438.048593014119	9965.306417810594	-0.1528	-0.1262	0.0986	0.008	-0.2077	0.2861	9348.930227623736	-0.1513508946849214	0.020907121040459963	-0.009304328804303935	-0.05622364844209655	-0.03624401584291754
10188.039826766304	1.0	244.0	9448.812172059983	9949.670365719796	-0.1418	-0.0973	0.1009	0.0306	-0.2053	0.2962	9345.482879634323	-0.1338218664850114	-0.027786527560136803	-0.05720607406600599	0.020537183535270752	-0.06767242939058715
10199.051672894022	1.0	245.0	9433.070706939434	9942.115048046302	-0.1523	-0.088	0.0994	0.0336	-0.2284	0.3103	9334.439271295807	-0.14324171315847975	0.03492926832530085	-0.14210919375090003	0.017494557547566954	-0.008235169492561452
10199.2060546875	1.0	246.0	9426.326270273883	9939.764762043244	-0.1597	-0.0866	0.1027	0.0282	-0.2269	0.3101	9331.764198938099	-0.1523227254426965	0.06214998218126217	-0.12696796140534342	-0.04779135800105274	-0.054874828937786224
10235.00484035326	1.0	247.0	9418.829292790519	9946.305763687886	-0.1596	-0.0876	0.099	0.0305	-0.229	0.3154	9351.967431375802	-0.14151336741335005	0.10203107183736451	-0.007258049948314175	-0.027584058287173318	-0.0015523469771493534
10229.277598505434	1.0	248.0	9424.881880833045	9950.859200670098	-0.1496	-0.0907	0.1006	0.0346	-0.2214	0.3048	9356.964811664797	-0.14092528339013377	0.07127510676833274	0.006474604238153571	0.0632301751820471	-0.015203824874670984
10256.562712296196	1.0	249.0	9421.624453827126	9955.825570403798	-0.1643	-0.0804	0.0891	0.0352	-0.2343	0.3167	9356.646233444235	-0.166424865932225	0.09043487811113925	-0.11383040263370563	-0.011773731487396119	-0.0739223790226196
10230.287788722826	1.0	250.0	9428.40649017429	9956.57149323305	-0.1433	-0.0663	0.0944	0.033	-0.2307	0.3	9354.60930825095	-0.15847768798302309	0.04914683883789434	-0.10998236125324816	0.014120804679587505	-0.044442406080659115
10225.246900475544	1.0	251.0	9424.25335703908	9961.663948041547	-0.1532	-0.0566	0.0861	0.0341	-0.2238	0.3071	9349.330027113072	-0.1329973418578558	0.07869129053228505	-0.06396467560886587	-0.00962525050739136	-0.1043162913742305
10210.338018002718	1.0	252.0	9436.325429748262	9962.097544169883	-0.147	-0.0564	0.0863	0.0298	-0.2349	0.3135	9347.014532944251	-0.1416150700923456	0.03461772228703103	-0.10596112427644669	0.03149812608982022	-0.07680464016167854
10222.611752717392	1.0	253.0	9431.981126317836	9969.780555140918	-0.1324	-0.0432	0.0768	0.0322	-0.2373	0.3123	9347.122338537138	-0.13000045826113318	0.051009403479610346	-0.015177803009414806	0.05995226429024275	-0.12257861956438311
10212.896144701086	1.0	254.0	9426.532859319641	9976.545735477639	-0.1085	-0.0131	0.0778	0.0366	-0.2446	0.313	9351.328966201083	-0.11970904763554664	0.05673500003808994	-0.08982108682574412	0.04938473357588332	0.029021012269866486
10194.609629755434	1.0	255.0	9418.229943337095	9988.470752989562	-0.0977	0.0337	0.0836	0.0396	-0.2639	0.3245	9363.997296791806	-0.12766418009591207	0.09465368779352917	-0.12830582925101625	-0.005773248211562781	-0.009417690727506537
10228.882048233696	1.0	256.0	9421.139255854649	9994.544595595262	-0.0643	0.0847	0.0752	0.0343	-0.2606	0.3283	9359.379285971641	-0.1142449136709183	0.07413779653755737	-0.08282596353975216	0.025829473260326138	0.05653855715937288
10237.894318953804	1.0	257.0	9410.001601386968	10002.48500327708	-0.0463	0.0997	0.068	0.0131	-0.2676	0.3417	9360.26087311565	-0.09446217706962673	0.09560070914224225	-0.04468342306447028	0.0846314359623936	0.12974611480577383
10255.730044157608	1.0	258.0	9408.98947773316	10006.968825417254	-0.0249	0.1011	0.0635	0.0025	-0.265	0.3542	9366.962522963848	-0.10530686439696926	0.11198455224108518	0.04719979291470648	0.05668474447672019	-0.017379815898615782
10241.856020720108	1.0	259.0	9411.764386152998	10026.624842848121	-0.0381	0.1216	0.0601	0.0144	-0.2809	0.3548	9387.724499819591	-0.13213699546971988	0.10780739004298535	-0.044741698286027476	0.049865335235259024	0.046049217129443175
10204.384638247282	1.0	260.0	9424.089620622515	10031.706106653837	0.013	0.1412	0.1116	0.0298	-0.2678	0.3257	9389.315394730133	-0.07962126986511375	0.055203013582372194	-0.06300806233903308	-0.021274802146985263	0.05782109448054122
